Workbook

Sheet Dashboard
A1: WOW OH! Animated Music Video Production Tracker
A3: Metric | B3: Value | D3: Section | E3: Shots | F3: Approx Duration (sec)
A4: Total Shots | B4: =COUNTA('Shot Sheet'!B2:B31) -> 30 | D4: Intro | E4: =COUNTIF('Shot Sheet'!$E$2:$E$31,D4) -> 4 | F4: =SUMIF('Shot Sheet'!$E$2:$E$31,D4,'Shot Sheet'!$D$2:$D$31) -> 30
A5: Planned Runtime (sec) | B5: =SUM('Shot Sheet'!D2:D31) -> 185 | D5: Verse / Invitation | E5: =COUNTIF('Shot Sheet'!$E$2:$E$31,D5) -> 4 | F5: =SUMIF('Shot Sheet'!$E$2:$E$31,D5,'Shot Sheet'!$D$2:$D$31) -> 20
A6: Planned Runtime (min) | B6: =B5/60 -> 3.0833333 | D6: Chorus 1 | E6: =COUNTIF('Shot Sheet'!$E$2:$E$31,D6) -> 4 | F6: =SUMIF('Shot Sheet'!$E$2:$E$31,D6,'Shot Sheet'!$D$2:$D$31) -> 20
A7: Average Shot Length (sec) | B7: =AVERAGE('Shot Sheet'!D2:D31) -> 6.1666667 | D7: Stress Verse | E7: =COUNTIF('Shot Sheet'!$E$2:$E$31,D7) -> 2 | F7: =SUMIF('Shot Sheet'!$E$2:$E$31,D7,'Shot Sheet'!$D$2:$D$31) -> 11
A8: High Priority Shots | B8: =COUNTIF('Shot Sheet'!N2:N31,"High") -> 21 | D8: Release Verse | E8: =COUNTIF('Shot Sheet'!$E$2:$E$31,D8) -> 2 | F8: =SUMIF('Shot Sheet'!$E$2:$E$31,D8,'Shot Sheet'!$D$2:$D$31) -> 11
D9: Club Showcase | E9: =COUNTIF('Shot Sheet'!$E$2:$E$31,D9) -> 1 | F9: =SUMIF('Shot Sheet'!$E$2:$E$31,D9,'Shot Sheet'!$D$2:$D$31) -> 9
D10: Chorus 2 | E10: =COUNTIF('Shot Sheet'!$E$2:$E$31,D10) -> 4 | F10: =SUMIF('Shot Sheet'!$E$2:$E$31,D10,'Shot Sheet'!$D$2:$D$31) -> 21
D11: Instrumental Bridge | E11: =COUNTIF('Shot Sheet'!$E$2:$E$31,D11) -> 2 | F11: =SUMIF('Shot Sheet'!$E$2:$E$31,D11,'Shot Sheet'!$D$2:$D$31) -> 20
D12: Final Bridge | E12: =COUNTIF('Shot Sheet'!$E$2:$E$31,D12) -> 4 | F12: =SUMIF('Shot Sheet'!$E$2:$E$31,D12,'Shot Sheet'!$D$2:$D$31) -> 21
D13: Final Hit | E13: =COUNTIF('Shot Sheet'!$E$2:$E$31,D13) -> 1 | F13: =SUMIF('Shot Sheet'!$E$2:$E$31,D13,'Shot Sheet'!$D$2:$D$31) -> 2
D14: Outro | E14: =COUNTIF('Shot Sheet'!$E$2:$E$31,D14) -> 2 | F14: =SUMIF('Shot Sheet'!$E$2:$E$31,D14,'Shot Sheet'!$D$2:$D$31) -> 20

Sheet Shot Sheet
B1: Shot # | C1: Timecode | D1: Duration (sec) | E1: Section | F1: Audio / Lyric Cue | G1: Location | H1: Characters | I1: Camera / Framing | J1: Action Description | K1: Mood / Performance | L1: Continuity / Props | M1: Status | N1: Priority | O1: Owner | P1: Notes
B2: 1 | C2: 0:00-0:05 | D2: 5 | E2: Intro | F2: Welcome back... don't worry about all those... heathens... | G2: Stage / shadows | H2: Mr. V | I2: Extreme close-up, slow push-in | J2: Mr. V's face begins in shadow. He tips the top hat brim, revealing glowing green eyes through purple smoke. | K2: Intimate, amused, ominous | L2: Top hat, glowing green eyes, purple smoke, shadowed face | M2: Not Started | N2: High
B3: =B2+1 -> 2 | C3: 0:06-0:10 | D3: 5 | E3: Intro | F3: I can HARDLY blame them! I'd be mad too... what can you do? | G3: Stage / piano area | H3: Mr. V, independent shadows | I3: Medium waist shot, gentle pullback | J3: Mr. V leans against a piano or stage prop and shrugs. His shadows echo him half a beat late. | K3: Sardonic charm | L3: Cane nearby, shadows behaving independently | M3: Not Started | N3: High
B4: =B3+1 -> 3 | C4: 0:11-0:20 | D4: 10 | E4: Intro | F4: Intro instrumental | G4: Center stage | H4: Mr. V, shadow silhouette | I4: Wide full-body shot, subtle circular move | J4: Mr. V spins his cane. His floor shadow detaches, bows, dances briefly, then dissolves back into the floor. | K4: Ritual awakening | L4: Skull-topped cane, green spotlight, smoky stage | M4: Not Started | N4: High
B5: =B4+1 -> 4 | C5: 0:21-0:30 | D5: 10 | E5: Intro | F5: Up-tempo instrumental lift | G5: Bandstand | H5: House band | I5: Fast montage of inserts and lateral sweep | J5: The house band comes alive: brass valves, drumsticks, upright bass, piano keys, cymbal hits, sax smoke. | K5: Energetic, stylish | L5: Undead jazz band integrated into same club world | M5: Not Started | N5: Medium
B6: =B5+1 -> 5 | C6: 0:31-0:35 | D6: 5 | E6: Verse / Invitation | F6: Front door, everybody come listen to Mr. Voodoo... | G6: Front door / main room | H6: Mr. V, entering patrons | I6: Medium-wide frontal stage view | J6: Mr. V points his cane toward the heavy front door. It opens with green-white light and silhouetted patrons enter. | K6: Commanding invitation | L6: Portal-like front door, silhouettes, green-white light | M6: Not Started | N6: High
B7: =B6+1 -> 6 | C7: 0:36-0:40 | D7: 5 | E7: Verse / Invitation | F7: You gotta pay attention when I'm cookin' in the kitchen... | G7: Kitchen pass-through / service area | H7: Mr. V | I7: Medium shot, slight push-in | J7: Mr. V stirs a glowing vessel or taps a drum-like surface, releasing magical vapor and musical notes. | K7: Playful alchemy | L7: Kitchen/service detail must belong to club | M7: Not Started | N7: Medium
B8: =B7+1 -> 7 | C8: 0:41-0:45 | D8: 5 | E8: Verse / Invitation | F8: Ladies and gents... Answer my riddle: | G8: Dance floor | H8: Mr. V, crowd | I8: Low-angle medium-wide, slowly rising | J8: Mr. V strides into a dance-floor clearing. The crowd parts and walls begin to subtly expand. | K8: Ringmaster confidence | L8: Room begins bigger-on-inside transformation | M8: Not Started | N8: High
B9: =B8+1 -> 8 | C9: 0:46-0:50 | D9: 5 | E9: Verse / Invitation | F9: It's bigger on the inside... give it a little jiggle | G9: Distorted main room | H9: Mr. V, crowd | I9: Slight fisheye, gentle forward drift | J9: The club becomes impossible: hallways stretch, bottles tremble, lights wobble, and the room bounces on beat. | K9: Conspiratorial spectacle | L9: Elastic room distortion, no hard location jump | M9: Not Started | N9: High
B10: =B9+1 -> 9 | C10: 0:51-0:55 | D10: 5 | E10: Chorus 1 | F10: Dolls: Oo Wow! Oh! Oh my, oh! | G10: Stage | H10: The Dolls | I10: Frontal medium-wide stage shot | J10: The Dolls begin motionless, then snap into synchronized dance positions under blue-green spotlights. | K10: Iconic reveal | L10: Living voodoo dolls, stitched fabric, fingered hands, realistic outfits | M10: Not Started | N10: High
B11: =B10+1 -> 10 | C11: 0:56-1:00 | D11: 5 | E11: Chorus 1 | F11: Mr. V: What they got going on in there?! | G11: Interior door / keyhole | H11: The Dolls, Mr. V | I11: Medium shot from behind Dolls, quick reframe | J11: The Dolls peek through a glowing keyhole. Mr. V appears behind them with a huge grin and they jump. | K11: Comic surprise | L11: Glowing keyhole, same club interior | M11: Not Started | N11: Medium
B12: =B11+1 -> 11 | C12: 1:01-1:05 | D12: 5 | E12: Chorus 1 | F12: I heard they make your troubles disappear! | G12: Stage / dance floor edge | H12: Mr. V, center Doll | I12: Medium shot with fabric wipe | J12: Mr. V sweeps his coat across a Doll. Her visible burden dissolves into purple glitter and smoke. | K12: Dramatic release | L12: Effect reads as emotional release, not harm | M12: Not Started | N12: High
B13: =B12+1 -> 12 | C13: 1:06-1:10 | D13: 5 | E13: Chorus 1 | F13: Don't take your best dance to the grave! | G13: Dance floor | H13: Mr. V, Dolls, patrons | I13: Wider stage-and-floor composition | J13: Mr. V and Dolls hit a crisp chorus accent. Dance floor lights up and patrons join in. | K13: Celebratory call-to-action | L13: Chorus motif established | M13: Not Started | N13: High
B14: =B13+1 -> 13 | C14: 1:11-1:15 | D14: 5 | E14: Stress Verse | F14: Your boss is calling... got you hatin' retail | G14: Office-nightmare manifestation | H14: Mr. V, stress symbols | I14: Forward push down cubicle aisle | J14: The dance floor reshapes into a gray cubicle aisle with fluorescent glare and an aggressively ringing phone. | K14: Satirical pressure | L14: Temporary stress manifestation inside club magic | M14: Not Started | N14: High
... B31: =B30+1 -> 30 | C31: 2:56-3:05 | D31: 10 | E31: Outro | F31: Instrumental outro to end | G31: Darkened club | H31: Mr. V | I31: Static or near-static final composition | J31: Final lights click off until only Mr. V's glowing green eyes remain, then fade completely. | K31: Iconic, ominous final image | L31: Green eyes, darkness, fade to black | M31: Not Started | N31: High

Sheet Continuity Bible
A1: Category | B1: Standard
A2: Core Concept | B2: A stressed viewer enters Mr. V's magical underground club and experiences supernatural emotional release through music, dance, and nightlife ritual.
A3: Visual World | B3: One continuous magical venue: front door, stage, bar, DJ booth, dance floor, stripper pole in the center of the dance floor, kitchen pass-through, back corners, and overhead floorboard atmosphere.
A4: Mr. V | B4: Charismatic villain host with top hat, purple tailcoat, skull-topped cane, glowing green eyes, direct camera address, controlled theatrical movement.
A5: DJ Voodoo | B5: Quick witted social butterfly, Black snap-back hat, black leather jacket, black pants, black and gold Nike Air Jordan's, Black framed glasses, Green button eyes, The resident DJ of the Voodoo world.
A6: The Dolls | B6: Living voodoo-doll backup singers/dancers with stitched fabric skin, expressive faces, fingered hands, and realistic nightlife clothing.
A7: House Band | B7: Undead jazz ensemble integrated into the same club world: brass, drums, upright bass, piano, and smoky stage presence.
A8: Color Palette | B8: Poisonous green glow, purple smoke, warm amber stage light, deep black shadows, hot pink/gold only for major chorus lifts.
A9: Motion Style | B9: Swing, bounce, snap, and groove. Spoken sections hold longer; rap sections use denser gesture-based cutting; choruses repeat a recognizable signature formation.
A10: Transformation Logic | B10: The club transforms from within. Walls stretch, lights pulse, shadows detach, and stress symbols dissolve without jumping to unrelated worlds.
A11: Office Nightmare | B11: A temporary manifestation of work stress inside the club's magic. It must dissolve back into the nightlife environment.
A12: Final Image | B12: Lights fade until only Mr. V's glowing green eyes remain, then black.

Sheet Lookups
A1: Statuses | B1: Priorities | C1: Sections
A2: Not Started | B2: High | C2: Intro
A3: In Progress | B3: Medium | C3: Verse / Invitation
A4: Needs Review | B4: Low | C4: Chorus 1
A5: Locked | C5: Stress Verse
A6: Rework | C6: Release Verse
C7: Club Showcase
C8: Chorus 2
C9: Instrumental Bridge
C10: Final Bridge
C11: Final Hit
C12: Outro
